id,gameid,game,side,champion,gamelength
1,1070340,1,Blue,Gnar,26.53333333
2,1070340,1,Blue,Ekko,26.53333333
3,1070340,1,Blue,Nocturne,26.53333333
4,1070340,1,Blue,Lucian,26.53333333
5,1070340,1,Blue,Thresh,26.53333333
6,1070340,1,Red,Kennen,26.53333333
7,1070340,1,Red,Hecarim,26.53333333
8,1070340,1,Red,Ryze,26.53333333
9,1070340,1,Red,Xayah,26.53333333
10,1070340,1,Red,Rakan,26.53333333
11,1070340,1,Blue, ,26.53333333
12,1070340,1,Red, ,26.53333333
13,1070330,1,Blue,Akali,38.06666667
14,1070330,1,Blue,Ekko,38.06666667
15,1070330,1,Blue,Renekton,38.06666667
16,1070330,1,Blue,Xayah,38.06666667
17,1070330,1,Blue,Rakan,38.06666667
18,1070330,1,Red,Neeko,38.06666667
19,1070330,1,Red,Rek'Sai,38.06666667
20,1070330,1,Red,Tristana,38.06666667
21,1070330,1,Red,Heimerdinger,38.06666667
22,1070330,1,Red,Morgana,38.06666667
23,1070330,1,Blue, ,38.06666667
24,1070330,1,Red, ,38.06666667
25,1070349,1,Blue,Gangplank,37.58333333
26,1070349,1,Blue,Skarner,37.58333333
27,1070349,1,Blue,Syndra,37.58333333
28,1070349,1,Blue,Tristana,37.58333333
29,1070349,1,Blue,Nautilus,37.58333333
30,1070349,1,Red,Renekton,37.58333333
31,1070349,1,Red,Ekko,37.58333333
32,1070349,1,Red,Corki,37.58333333
33,1070349,1,Red,Kai'Sa,37.58333333
34,1070349,1,Red,Alistar,37.58333333
35,1070349,1,Blue, ,37.58333333
36,1070349,1,Red, ,37.58333333
37,1070359,1,Blue,Kayle,39.48333333
38,1070359,1,Blue,Ekko,39.48333333
39,1070359,1,Blue,Karma,39.48333333
40,1070359,1,Blue,Xayah,39.48333333
41,1070359,1,Blue,Rakan,39.48333333
42,1070359,1,Red,Gnar,39.48333333
43,1070359,1,Red,Gragas,39.48333333
44,1070359,1,Red,Ryze,39.48333333
45,1070359,1,Red,Ezreal,39.48333333
46,1070359,1,Red,Leona,39.48333333
47,1070359,1,Blue, ,39.48333333
48,1070359,1,Red, ,39.48333333
49,1070365,1,Blue,Karma,39.01666667
50,1070365,1,Blue,Nocturne,39.01666667
51,1070365,1,Blue,Azir,39.01666667
52,1070365,1,Blue,Kai'Sa,39.01666667
53,1070365,1,Blue,Nautilus,39.01666667
54,1070365,1,Red,Tristana,39.01666667
55,1070365,1,Red,Elise,39.01666667
56,1070365,1,Red,Orianna,39.01666667
57,1070365,1,Red,Sivir,39.01666667
58,1070365,1,Red,Rakan,39.01666667
59,1070365,1,Blue, ,39.01666667
60,1070365,1,Red, ,39.01666667
61,1070378,1,Blue,Gnar,30.15
62,1070378,1,Blue,Jarvan IV,30.15
63,1070378,1,Blue,LeBlanc,30.15
64,1070378,1,Blue,Xayah,30.15
65,1070378,1,Blue,Rakan,30.15
66,1070378,1,Red,Gangplank,30.15
67,1070378,1,Red,Lee Sin,30.15
68,1070378,1,Red,Lissandra,30.15
69,1070378,1,Red,Kai'Sa,30.15
70,1070378,1,Red,Nautilus,30.15
71,1070378,1,Blue, ,30.15
72,1070378,1,Red, ,30.15
73,1070393,2,Blue,Renekton,34.63333333
74,1070393,2,Blue,Qiyana,34.63333333
75,1070393,2,Blue,Sylas,34.63333333
76,1070393,2,Blue,Xayah,34.63333333
77,1070393,2,Blue,Rakan,34.63333333
78,1070393,2,Red,Vladimir,34.63333333
79,1070393,2,Red,Lee Sin,34.63333333
80,1070393,2,Red,LeBlanc,34.63333333
81,1070393,2,Red,Kai'Sa,34.63333333
82,1070393,2,Red,Leona,34.63333333
83,1070393,2,Blue, ,34.63333333
84,1070393,2,Red, ,34.63333333
85,1070420,2,Blue,Renekton,34.25
86,1070420,2,Blue,Rek'Sai,34.25
87,1070420,2,Blue,Syndra,34.25
88,1070420,2,Blue,Tristana,34.25
89,1070420,2,Blue,Thresh,34.25
90,1070420,2,Red,Quinn,34.25
91,1070420,2,Red,Lee Sin,34.25
92,1070420,2,Red,Corki,34.25
93,1070420,2,Red,Xayah,34.25
94,1070420,2,Red,Rakan,34.25
95,1070420,2,Blue, ,34.25
96,1070420,2,Red, ,34.25
97,1070445,2,Blue,Renekton,30.13333333
98,1070445,2,Blue,Taliyah,30.13333333
99,1070445,2,Blue,Ryze,30.13333333
100,1070445,2,Blue,Kai'Sa,30.13333333
101,1070445,2,Blue,Pyke,30.13333333
102,1070445,2,Red,Aatrox,30.13333333
103,1070445,2,Red,Rek'Sai,30.13333333
104,1070445,2,Red,Neeko,30.13333333
105,1070445,2,Red,Caitlyn,30.13333333
106,1070445,2,Red,Thresh,30.13333333
107,1070445,2,Blue, ,30.13333333
108,1070445,2,Red, ,30.13333333
109,1070457,2,Blue,Camille,40.03333333
110,1070457,2,Blue,Taliyah,40.03333333
111,1070457,2,Blue,Pantheon,40.03333333
112,1070457,2,Blue,Kai'Sa,40.03333333
113,1070457,2,Blue,Nautilus,40.03333333
114,1070457,2,Red,Gangplank,40.03333333
115,1070457,2,Red,Lee Sin,40.03333333
116,1070457,2,Red,Akali,40.03333333
117,1070457,2,Red,Syndra,40.03333333
118,1070457,2,Red,Thresh,40.03333333
119,1070457,2,Blue, ,40.03333333
120,1070457,2,Red, ,40.03333333
121,1070463,2,Blue,Azir,24.28333333
122,1070463,2,Blue,Karthus,24.28333333
123,1070463,2,Blue,Renekton,24.28333333
124,1070463,2,Blue,Kai'Sa,24.28333333
125,1070463,2,Blue,Nautilus,24.28333333
126,1070463,2,Red,Neeko,24.28333333
127,1070463,2,Red,Lee Sin,24.28333333
128,1070463,2,Red,Zoe,24.28333333
129,1070463,2,Red,Draven,24.28333333
130,1070463,2,Red,Thresh,24.28333333
131,1070463,2,Blue, ,24.28333333
132,1070463,2,Red, ,24.28333333
133,1070475,2,Blue,Mordekaiser,30.01666667
134,1070475,2,Blue,Elise,30.01666667
135,1070475,2,Blue,Qiyana,30.01666667
136,1070475,2,Blue,Sivir,30.01666667
137,1070475,2,Blue,Pyke,30.01666667
138,1070475,2,Red,Gangplank,30.01666667
139,1070475,2,Red,Gragas,30.01666667
140,1070475,2,Red,Tristana,30.01666667
141,1070475,2,Red,Syndra,30.01666667
142,1070475,2,Red,Leona,30.01666667
143,1070475,2,Blue, ,30.01666667
144,1070475,2,Red, ,30.01666667
145,1070531,3,Blue,Kennen,33.66666667
146,1070531,3,Blue,Hecarim,33.66666667
147,1070531,3,Blue,LeBlanc,33.66666667
148,1070531,3,Blue,Kai'Sa,33.66666667
149,1070531,3,Blue,Nautilus,33.66666667
150,1070531,3,Red,Gnar,33.66666667
151,1070531,3,Red,Nocturne,33.66666667
152,1070531,3,Red,Galio,33.66666667
153,1070531,3,Red,Ashe,33.66666667
154,1070531,3,Red,Thresh,33.66666667
155,1070531,3,Blue, ,33.66666667
156,1070531,3,Red, ,33.66666667
157,1070547,3,Blue,Renekton,41.16666667
158,1070547,3,Blue,Rek'Sai,41.16666667
159,1070547,3,Blue,LeBlanc,41.16666667
160,1070547,3,Blue,Syndra,41.16666667
161,1070547,3,Blue,Leona,41.16666667
162,1070547,3,Red,Kennen,41.16666667
163,1070547,3,Red,Jarvan IV,41.16666667
164,1070547,3,Red,Orianna,41.16666667
165,1070547,3,Red,Xayah,41.16666667
166,1070547,3,Red,Rakan,41.16666667
167,1070547,3,Blue, ,41.16666667
168,1070547,3,Red, ,41.16666667
169,1070555,3,Blue,Gangplank,63.41666667
170,1070555,3,Blue,Gragas,63.41666667
171,1070555,3,Blue,Syndra,63.41666667
172,1070555,3,Blue,Xayah,63.41666667
173,1070555,3,Blue,Nautilus,63.41666667
174,1070555,3,Red,Gnar,63.41666667
175,1070555,3,Red,Skarner,63.41666667
176,1070555,3,Red,Ziggs,63.41666667
177,1070555,3,Red,Ezreal,63.41666667
178,1070555,3,Red,Rakan,63.41666667
179,1070555,3,Blue, ,63.41666667
180,1070555,3,Red, ,63.41666667
181,1070569,3,Blue,Ryze,24.6
182,1070569,3,Blue,Rek'Sai,24.6
183,1070569,3,Blue,Lissandra,24.6
184,1070569,3,Blue,Kai'Sa,24.6
185,1070569,3,Blue,Rakan,24.6
186,1070569,3,Red,Gangplank,24.6
187,1070569,3,Red,Jarvan IV,24.6
188,1070569,3,Red,LeBlanc,24.6
189,1070569,3,Red,Xayah,24.6
190,1070569,3,Red,Alistar,24.6
191,1070569,3,Blue, ,24.6
192,1070569,3,Red, ,24.6
193,1070580,3,Blue,Quinn,38.93333333
194,1070580,3,Blue,Jarvan IV,38.93333333
195,1070580,3,Blue,LeBlanc,38.93333333
196,1070580,3,Blue,Lucian,38.93333333
197,1070580,3,Blue,Braum,38.93333333
198,1070580,3,Red,Gangplank,38.93333333
199,1070580,3,Red,Gragas,38.93333333
200,1070580,3,Red,Corki,38.93333333
201,1070580,3,Red,Jhin,38.93333333
202,1070580,3,Red,Thresh,38.93333333
203,1070580,3,Blue, ,38.93333333
204,1070580,3,Red, ,38.93333333
205,1070599,T,Blue,Camille,28.38333333
206,1070599,T,Blue,Sejuani,28.38333333
207,1070599,T,Blue,Syndra,28.38333333
208,1070599,T,Blue,Lucian,28.38333333
209,1070599,T,Blue,Nautilus,28.38333333
210,1070599,T,Red,Renekton,28.38333333
211,1070599,T,Red,Nocturne,28.38333333
212,1070599,T,Red,Vladimir,28.38333333
213,1070599,T,Red,Kai'Sa,28.38333333
214,1070599,T,Red,Thresh,28.38333333
215,1070599,T,Blue, ,28.38333333
216,1070599,T,Red, ,28.38333333
217,1070624,T,Blue,Irelia,31.03333333
218,1070624,T,Blue,Elise,31.03333333
219,1070624,T,Blue,Syndra,31.03333333
220,1070624,T,Blue,Ashe,31.03333333
221,1070624,T,Blue,Thresh,31.03333333
222,1070624,T,Red,Mordekaiser,31.03333333
223,1070624,T,Red,Vi,31.03333333
224,1070624,T,Red,Vladimir,31.03333333
225,1070624,T,Red,Kai'Sa,31.03333333
226,1070624,T,Red,Nautilus,31.03333333
227,1070624,T,Blue, ,31.03333333
228,1070624,T,Red, ,31.03333333
229,1070668,4,Blue,Vladimir,30.61666667
230,1070668,4,Blue,Rek'Sai,30.61666667
231,1070668,4,Blue,Akali,30.61666667
232,1070668,4,Blue,Kai'Sa,30.61666667
233,1070668,4,Blue,Nautilus,30.61666667
234,1070668,4,Red,Kled,30.61666667
235,1070668,4,Red,Lee Sin,30.61666667
236,1070668,4,Red,Galio,30.61666667
237,1070668,4,Red,Xayah,30.61666667
238,1070668,4,Red,Rakan,30.61666667
239,1070668,4,Blue, ,30.61666667
240,1070668,4,Red, ,30.61666667
241,1060543,4,Blue,Gnar,39.41666667
242,1060543,4,Blue,Lee Sin,39.41666667
243,1060543,4,Blue,Syndra,39.41666667
244,1060543,4,Blue,Ezreal,39.41666667
245,1060543,4,Blue,Rakan,39.41666667
246,1060543,4,Red,Akali,39.41666667
247,1060543,4,Red,Jarvan IV,39.41666667
248,1060543,4,Red,Galio,39.41666667
249,1060543,4,Red,Xayah,39.41666667
250,1060543,4,Red,Nautilus,39.41666667
251,1060543,4,Blue, ,39.41666667
252,1060543,4,Red, ,39.41666667
253,1060559,4,Blue,Irelia,28.2
254,1060559,4,Blue,Rek'Sai,28.2
255,1060559,4,Blue,Neeko,28.2
256,1060559,4,Blue,Kai'Sa,28.2
257,1060559,4,Blue,Pyke,28.2
258,1060559,4,Red,Ryze,28.2
259,1060559,4,Red,Lee Sin,28.2
260,1060559,4,Red,LeBlanc,28.2
261,1060559,4,Red,Xayah,28.2
262,1060559,4,Red,Yuumi,28.2
263,1060559,4,Blue, ,28.2
264,1060559,4,Red, ,28.2
265,1060585,4,Blue,Kled,34.15
266,1060585,4,Blue,Elise,34.15
267,1060585,4,Blue,Akali,34.15
268,1060585,4,Blue,Lucian,34.15
269,1060585,4,Blue,Thresh,34.15
270,1060585,4,Red,Camille,34.15
271,1060585,4,Red,Xin Zhao,34.15
272,1060585,4,Red,LeBlanc,34.15
273,1060585,4,Red,Xayah,34.15
274,1060585,4,Red,Rakan,34.15
275,1060585,4,Blue, ,34.15
276,1060585,4,Red, ,34.15
277,1060612,4,Blue,Camille,40.56666667
278,1060612,4,Blue,Rek'Sai,40.56666667
279,1060612,4,Blue,Syndra,40.56666667
280,1060612,4,Blue,Sivir,40.56666667
281,1060612,4,Blue,Thresh,40.56666667
282,1060612,4,Red,Fiora,40.56666667
283,1060612,4,Red,Lee Sin,40.56666667
284,1060612,4,Red,LeBlanc,40.56666667
285,1060612,4,Red,Ezreal,40.56666667
286,1060612,4,Red,Blitzcrank,40.56666667
287,1060612,4,Blue, ,40.56666667
288,1060612,4,Red, ,40.56666667
289,1060652,4,Blue,Camille,30.36666667
290,1060652,4,Blue,Elise,30.36666667
291,1060652,4,Blue,Akali,30.36666667
292,1060652,4,Blue,Caitlyn,30.36666667
293,1060652,4,Blue,Lux,30.36666667
294,1060652,4,Red,Gangplank,30.36666667
295,1060652,4,Red,Lee Sin,30.36666667
296,1060652,4,Red,Lissandra,30.36666667
297,1060652,4,Red,Xayah,30.36666667
298,1060652,4,Red,Rakan,30.36666667
299,1060652,4,Blue, ,30.36666667
300,1060652,4,Red, ,30.36666667
301,1060665,T,Blue,Gangplank,27.9
302,1060665,T,Blue,Lee Sin,27.9
303,1060665,T,Blue,Twisted Fate,27.9
304,1060665,T,Blue,Xayah,27.9
305,1060665,T,Blue,Rakan,27.9
306,1060665,T,Red,Camille,27.9
307,1060665,T,Red,Nocturne,27.9
308,1060665,T,Red,LeBlanc,27.9
309,1060665,T,Red,Ashe,27.9
310,1060665,T,Red,Thresh,27.9
311,1060665,T,Blue, ,27.9
312,1060665,T,Red, ,27.9
313,1070918,2,Blue,Renekton,26.21666667
314,1070918,2,Blue,Taliyah,26.21666667
315,1070918,2,Blue,Qiyana,26.21666667
316,1070918,2,Blue,Kai'Sa,26.21666667
317,1070918,2,Blue,Alistar,26.21666667
318,1070918,2,Red,Pyke,26.21666667
319,1070918,2,Red,Gragas,26.21666667
320,1070918,2,Red,Twisted Fate,26.21666667
321,1070918,2,Red,Lucian,26.21666667
322,1070918,2,Red,Thresh,26.21666667
323,1070918,2,Blue, ,26.21666667
324,1070918,2,Red, ,26.21666667
325,1070910,1,Blue,Ornn,41.66666667
326,1070910,1,Blue,Gragas,41.66666667
327,1070910,1,Blue,Twisted Fate,41.66666667
328,1070910,1,Blue,Tristana,41.66666667
329,1070910,1,Blue,Shen,41.66666667
330,1070910,1,Red,Vladimir,41.66666667
331,1070910,1,Red,Qiyana,41.66666667
332,1070910,1,Red,Akali,41.66666667
333,1070910,1,Red,Garen,41.66666667
334,1070910,1,Red,Yuumi,41.66666667
335,1070910,1,Blue, ,41.66666667
336,1070910,1,Red, ,41.66666667
337,1070920,3,Blue,Jayce,33.1
338,1070920,3,Blue,Taliyah,33.1
339,1070920,3,Blue,Renekton,33.1
340,1070920,3,Blue,Yasuo,33.1
341,1070920,3,Blue,Gragas,33.1
342,1070920,3,Red,Gnar,33.1
343,1070920,3,Red,Skarner,33.1
344,1070920,3,Red,Akali,33.1
345,1070920,3,Red,Kai'Sa,33.1
346,1070920,3,Red,Leona,33.1
347,1070920,3,Blue, ,33.1
348,1070920,3,Red, ,33.1
349,1070922,4,Blue,Aatrox,22.71666667
350,1070922,4,Blue,Nidalee,22.71666667
351,1070922,4,Blue,Yasuo,22.71666667
352,1070922,4,Blue,Ezreal,22.71666667
353,1070922,4,Blue,Gragas,22.71666667
354,1070922,4,Red,Kennen,22.71666667
355,1070922,4,Red,Lee Sin,22.71666667
356,1070922,4,Red,Akali,22.71666667
357,1070922,4,Red,Xayah,22.71666667
358,1070922,4,Red,Yuumi,22.71666667
359,1070922,4,Blue, ,22.71666667
360,1070922,4,Red, ,22.71666667
361,1060775,1,Blue,Rumble,29.98333333
362,1060775,1,Blue,Elise,29.98333333
363,1060775,1,Blue,Lucian,29.98333333
364,1060775,1,Blue,Kai'Sa,29.98333333
365,1060775,1,Blue,Nautilus,29.98333333
366,1060775,1,Red,Kled,29.98333333
367,1060775,1,Red,Olaf,29.98333333
368,1060775,1,Red,LeBlanc,29.98333333
369,1060775,1,Red,Jinx,29.98333333
370,1060775,1,Red,Thresh,29.98333333
371,1060775,1,Blue, ,29.98333333
372,1060775,1,Red, ,29.98333333
373,1060784,2,Blue,Rumble,27.63333333
374,1060784,2,Blue,Jarvan IV,27.63333333
375,1060784,2,Blue,Neeko,27.63333333
376,1060784,2,Blue,Kai'Sa,27.63333333
377,1060784,2,Blue,Pyke,27.63333333
378,1060784,2,Red,Renekton,27.63333333
379,1060784,2,Red,Elise,27.63333333
380,1060784,2,Red,Irelia,27.63333333
381,1060784,2,Red,Ezreal,27.63333333
382,1060784,2,Red,Thresh,27.63333333
383,1060784,2,Blue, ,27.63333333
384,1060784,2,Red, ,27.63333333
385,1060790,3,Blue,Ezreal,36.98333333
386,1060790,3,Blue,Rek'Sai,36.98333333
387,1060790,3,Blue,Syndra,36.98333333
388,1060790,3,Blue,Lucian,36.98333333
389,1060790,3,Blue,Thresh,36.98333333
390,1060790,3,Red,Jayce,36.98333333
391,1060790,3,Red,Jarvan IV,36.98333333
392,1060790,3,Red,Orianna,36.98333333
393,1060790,3,Red,Kai'Sa,36.98333333
394,1060790,3,Red,Blitzcrank,36.98333333
395,1060790,3,Blue, ,36.98333333
396,1060790,3,Red, ,36.98333333
397,1070971,1,Blue,Gnar,27.93333333
398,1070971,1,Blue,Lee Sin,27.93333333
399,1070971,1,Blue,Twisted Fate,27.93333333
400,1070971,1,Blue,Syndra,27.93333333
401,1070971,1,Blue,Pyke,27.93333333
402,1070971,1,Red,Jayce,27.93333333
403,1070971,1,Red,Skarner,27.93333333
404,1070971,1,Red,Akali,27.93333333
405,1070971,1,Red,Vladimir,27.93333333
406,1070971,1,Red,Yuumi,27.93333333
407,1070971,1,Blue, ,27.93333333
408,1070971,1,Red, ,27.93333333
409,1070985,2,Blue,Kled,33.01666667
410,1070985,2,Blue,Elise,33.01666667
411,1070985,2,Blue,Akali,33.01666667
412,1070985,2,Blue,Xayah,33.01666667
413,1070985,2,Blue,Thresh,33.01666667
414,1070985,2,Red,Gangplank,33.01666667
415,1070985,2,Red,Lee Sin,33.01666667
416,1070985,2,Red,Twisted Fate,33.01666667
417,1070985,2,Red,Ezreal,33.01666667
418,1070985,2,Red,Rakan,33.01666667
419,1070985,2,Blue, ,33.01666667
420,1070985,2,Red, ,33.01666667
421,1070986,3,Blue,Gnar,40.35
422,1070986,3,Blue,Lee Sin,40.35
423,1070986,3,Blue,Corki,40.35
424,1070986,3,Blue,Ezreal,40.35
425,1070986,3,Blue,Rakan,40.35
426,1070986,3,Red,Irelia,40.35
427,1070986,3,Red,Nocturne,40.35
428,1070986,3,Red,Akali,40.35
429,1070986,3,Red,Xayah,40.35
430,1070986,3,Red,Thresh,40.35
431,1070986,3,Blue, ,40.35
432,1070986,3,Red, ,40.35
433,1070996,4,Blue,Gangplank,36.7
434,1070996,4,Blue,Skarner,36.7
435,1070996,4,Blue,Corki,36.7
436,1070996,4,Blue,Xayah,36.7
437,1070996,4,Blue,Rakan,36.7
438,1070996,4,Red,Tristana,36.7
439,1070996,4,Red,Jarvan IV,36.7
440,1070996,4,Red,Syndra,36.7
441,1070996,4,Red,Veigar,36.7
442,1070996,4,Red,Nautilus,36.7
443,1070996,4,Blue, ,36.7
444,1070996,4,Red, ,36.7
445,1071000,1,Blue,Gangplank,45.53333333
446,1071000,1,Blue,Kha'zix,45.53333333
447,1071000,1,Blue,Kayle,45.53333333
448,1071000,1,Blue,Kai'Sa,45.53333333
449,1071000,1,Blue,Morgana,45.53333333
450,1071000,1,Red,Cho'gath,45.53333333
451,1071000,1,Red,Nocturne,45.53333333
452,1071000,1,Red,Akali,45.53333333
453,1071000,1,Red,Jhin,45.53333333
454,1071000,1,Red,Thresh,45.53333333
455,1071000,1,Blue, ,45.53333333
456,1071000,1,Red, ,45.53333333
457,1071009,2,Blue,Kennen,31.56666667
458,1071009,2,Blue,Qiyana,31.56666667
459,1071009,2,Blue,Cassiopeia,31.56666667
460,1071009,2,Blue,Kai'Sa,31.56666667
461,1071009,2,Blue,Nautilus,31.56666667
462,1071009,2,Red,Aatrox,31.56666667
463,1071009,2,Red,Skarner,31.56666667
464,1071009,2,Red,Corki,31.56666667
465,1071009,2,Red,Ashe,31.56666667
466,1071009,2,Red,Thresh,31.56666667
467,1071009,2,Blue, ,31.56666667
468,1071009,2,Red, ,31.56666667
469,1071014,3,Blue,Gnar,30.5
470,1071014,3,Blue,Olaf,30.5
471,1071014,3,Blue,Akali,30.5
472,1071014,3,Blue,Xayah,30.5
473,1071014,3,Blue,Karma,30.5
474,1071014,3,Red,Camille,30.5
475,1071014,3,Red,Elise,30.5
476,1071014,3,Red,Ryze,30.5
477,1071014,3,Red,Caitlyn,30.5
478,1071014,3,Red,Morgana,30.5
479,1071014,3,Blue, ,30.5
480,1071014,3,Red, ,30.5
481,1071024,4,Blue,Renekton,42.16666667
482,1071024,4,Blue,Karthus,42.16666667
483,1071024,4,Blue,Qiyana,42.16666667
484,1071024,4,Blue,Heimerdinger,42.16666667
485,1071024,4,Blue,Morgana,42.16666667
486,1071024,4,Red,Shen,42.16666667
487,1071024,4,Red,Nocturne,42.16666667
488,1071024,4,Red,Lissandra,42.16666667
489,1071024,4,Red,Xayah,42.16666667
490,1071024,4,Red,Rakan,42.16666667
491,1071024,4,Blue, ,42.16666667
492,1071024,4,Red, ,42.16666667
493,1071025,5,Blue,Cho'gath,37.85
494,1071025,5,Blue,Qiyana,37.85
495,1071025,5,Blue,Syndra,37.85
496,1071025,5,Blue,Kai'Sa,37.85
497,1071025,5,Blue,Nautilus,37.85
498,1071025,5,Red,Renekton,37.85
499,1071025,5,Red,Karthus,37.85
500,1071025,5,Red,Orianna,37.85
501,1071025,5,Red,Xayah,37.85
502,1071025,5,Red,Morgana,37.85
503,1071025,5,Blue, ,37.85
504,1071025,5,Red, ,37.85
505,1061005,1,Blue,Gangplank,35.71666667
506,1061005,1,Blue,Rek'Sai,35.71666667
507,1061005,1,Blue,Ryze,35.71666667
508,1061005,1,Blue,Garen,35.71666667
509,1061005,1,Blue,Yuumi,35.71666667
510,1061005,1,Red,Akali,35.71666667
511,1061005,1,Red,Lee Sin,35.71666667
512,1061005,1,Red,Tristana,35.71666667
513,1061005,1,Red,Kayle,35.71666667
514,1061005,1,Red,Nautilus,35.71666667
515,1061005,1,Blue, ,35.71666667
516,1061005,1,Red, ,35.71666667
517,1061019,1,Blue,Renekton,31.38333333
518,1061019,1,Blue,Lee Sin,31.38333333
519,1061019,1,Blue,Kayle,31.38333333
520,1061019,1,Blue,Xayah,31.38333333
521,1061019,1,Blue,Blitzcrank,31.38333333
522,1061019,1,Red,Gnar,31.38333333
523,1061019,1,Red,Nocturne,31.38333333
524,1061019,1,Red,Syndra,31.38333333
525,1061019,1,Red,Lucian,31.38333333
526,1061019,1,Red,Rakan,31.38333333
527,1061019,1,Blue, ,31.38333333
528,1061019,1,Red, ,31.38333333
529,1061026,1,Blue,Gangplank,29.66666667
530,1061026,1,Blue,Gragas,29.66666667
531,1061026,1,Blue,Jayce,29.66666667
532,1061026,1,Blue,Ezreal,29.66666667
533,1061026,1,Blue,Alistar,29.66666667
534,1061026,1,Red,Gnar,29.66666667
535,1061026,1,Red,Lee Sin,29.66666667
536,1061026,1,Red,Akali,29.66666667
537,1061026,1,Red,Kai'Sa,29.66666667
538,1061026,1,Red,Nautilus,29.66666667
539,1061026,1,Blue, ,29.66666667
540,1061026,1,Red, ,29.66666667
541,1061031,1,Blue,Vladimir,31.08333333
542,1061031,1,Blue,Gragas,31.08333333
543,1061031,1,Blue,Yasuo,31.08333333
544,1061031,1,Blue,Veigar,31.08333333
545,1061031,1,Blue,Alistar,31.08333333
546,1061031,1,Red,Aatrox,31.08333333
547,1061031,1,Red,Jarvan IV,31.08333333
548,1061031,1,Red,LeBlanc,31.08333333
549,1061031,1,Red,Kai'Sa,31.08333333
550,1061031,1,Red,Galio,31.08333333
551,1061031,1,Blue, ,31.08333333
552,1061031,1,Red, ,31.08333333
553,1061043,1,Blue,Gnar,36.65
554,1061043,1,Blue,Jarvan IV,36.65
555,1061043,1,Blue,Akali,36.65
556,1061043,1,Blue,Xayah,36.65
557,1061043,1,Blue,Nautilus,36.65
558,1061043,1,Red,Mordekaiser,36.65
559,1061043,1,Red,Elise,36.65
560,1061043,1,Red,Sion,36.65
561,1061043,1,Red,Kai'Sa,36.65
562,1061043,1,Red,Galio,36.65
563,1061043,1,Blue, ,36.65
564,1061043,1,Red, ,36.65
565,1061051,1,Blue,Akali,30.46666667
566,1061051,1,Blue,Kha'zix,30.46666667
567,1061051,1,Blue,Tristana,30.46666667
568,1061051,1,Blue,Syndra,30.46666667
569,1061051,1,Blue,Pyke,30.46666667
570,1061051,1,Red,Gangplank,30.46666667
571,1061051,1,Red,Gragas,30.46666667
572,1061051,1,Red,LeBlanc,30.46666667
573,1061051,1,Red,Ezreal,30.46666667
574,1061051,1,Red,Nautilus,30.46666667
575,1061051,1,Blue, ,30.46666667
576,1061051,1,Red, ,30.46666667
577,1071246,2,Blue,Renekton,42.73333333
578,1071246,2,Blue,Gragas,42.73333333
579,1071246,2,Blue,Twisted Fate,42.73333333
580,1071246,2,Blue,Ezreal,42.73333333
581,1071246,2,Blue,Thresh,42.73333333
582,1071246,2,Red,Mordekaiser,42.73333333
583,1071246,2,Red,Lee Sin,42.73333333
584,1071246,2,Red,Zoe,42.73333333
585,1071246,2,Red,Xayah,42.73333333
586,1071246,2,Red,Blitzcrank,42.73333333
587,1071246,2,Blue, ,42.73333333
588,1071246,2,Red, ,42.73333333
589,1071259,2,Blue,Shen,39.06666667
590,1071259,2,Blue,Lee Sin,39.06666667
591,1071259,2,Blue,Akali,39.06666667
592,1071259,2,Blue,Garen,39.06666667
593,1071259,2,Blue,Yuumi,39.06666667
594,1071259,2,Red,Tristana,39.06666667
595,1071259,2,Red,Elise,39.06666667
596,1071259,2,Red,Orianna,39.06666667
597,1071259,2,Red,Lucian,39.06666667
598,1071259,2,Red,Bard,39.06666667
599,1071259,2,Blue, ,39.06666667
600,1071259,2,Red, ,39.06666667
601,1071266,2,Blue,Gangplank,33.78333333
602,1071266,2,Blue,Gragas,33.78333333
603,1071266,2,Blue,Akali,33.78333333
604,1071266,2,Blue,Xayah,33.78333333
605,1071266,2,Blue,Rakan,33.78333333
606,1071266,2,Red,Vladimir,33.78333333
607,1071266,2,Red,Olaf,33.78333333
608,1071266,2,Red,Orianna,33.78333333
609,1071266,2,Red,Kai'Sa,33.78333333
610,1071266,2,Red,Fiddlesticks,33.78333333
611,1071266,2,Blue, ,33.78333333
612,1071266,2,Red, ,33.78333333
613,1071272,2,Blue,Rumble,27.6
614,1071272,2,Blue,Jarvan IV,27.6
615,1071272,2,Blue,Qiyana,27.6
616,1071272,2,Blue,Xayah,27.6
617,1071272,2,Blue,Rakan,27.6
618,1071272,2,Red,Camille,27.6
619,1071272,2,Red,Lee Sin,27.6
620,1071272,2,Red,Akali,27.6
621,1071272,2,Red,Kai'Sa,27.6
622,1071272,2,Red,Leona,27.6
623,1071272,2,Blue, ,27.6
624,1071272,2,Red, ,27.6
625,1071286,2,Blue,Renekton,29.8
626,1071286,2,Blue,Taliyah,29.8
627,1071286,2,Blue,Irelia,29.8
628,1071286,2,Blue,Lucian,29.8
629,1071286,2,Blue,Nautilus,29.8
630,1071286,2,Red,Ornn,29.8
631,1071286,2,Red,Elise,29.8
632,1071286,2,Red,Orianna,29.8
633,1071286,2,Red,Kai'Sa,29.8
634,1071286,2,Red,Leona,29.8
635,1071286,2,Blue, ,29.8
636,1071286,2,Red, ,29.8
637,1071297,2,Blue,Renekton,47.03333333
638,1071297,2,Blue,Elise,47.03333333
639,1071297,2,Blue,Irelia,47.03333333
640,1071297,2,Blue,Heimerdinger,47.03333333
641,1071297,2,Blue,Nautilus,47.03333333
642,1071297,2,Red,Akali,47.03333333
643,1071297,2,Red,Gragas,47.03333333
644,1071297,2,Red,Tristana,47.03333333
645,1071297,2,Red,Garen,47.03333333
646,1071297,2,Red,Yuumi,47.03333333
647,1071297,2,Blue, ,47.03333333
648,1071297,2,Red, ,47.03333333
649,1061143,3,Blue,Akali,38.23333333
650,1061143,3,Blue,Gragas,38.23333333
651,1061143,3,Blue,Lucian,38.23333333
652,1061143,3,Blue,Ezreal,38.23333333
653,1061143,3,Blue,Nautilus,38.23333333
654,1061143,3,Red,Jayce,38.23333333
655,1061143,3,Red,Taliyah,38.23333333
656,1061143,3,Red,Kayle,38.23333333
657,1061143,3,Red,Kai'Sa,38.23333333
658,1061143,3,Red,Poppy,38.23333333
659,1061143,3,Blue, ,38.23333333
660,1061143,3,Red, ,38.23333333
661,1061147,3,Blue,Rumble,42.03333333
662,1061147,3,Blue,Sylas,42.03333333
663,1061147,3,Blue,Qiyana,42.03333333
664,1061147,3,Blue,Kai'Sa,42.03333333
665,1061147,3,Blue,Nautilus,42.03333333
666,1061147,3,Red,Renekton,42.03333333
667,1061147,3,Red,Gragas,42.03333333
668,1061147,3,Red,Orianna,42.03333333
669,1061147,3,Red,Xayah,42.03333333
670,1061147,3,Red,Rakan,42.03333333
671,1061147,3,Blue, ,42.03333333
672,1061147,3,Red, ,42.03333333
673,1061156,3,Blue,Renekton,34.88333333
674,1061156,3,Blue,Lee Sin,34.88333333
675,1061156,3,Blue,Ryze,34.88333333
676,1061156,3,Blue,Kai'Sa,34.88333333
677,1061156,3,Blue,Leona,34.88333333
678,1061156,3,Red,Gangplank,34.88333333
679,1061156,3,Red,Gragas,34.88333333
680,1061156,3,Red,Tristana,34.88333333
681,1061156,3,Red,Veigar,34.88333333
682,1061156,3,Red,Thresh,34.88333333
683,1061156,3,Blue, ,34.88333333
684,1061156,3,Red, ,34.88333333
685,1061161,3,Blue,Gangplank,39.1
686,1061161,3,Blue,Elise,39.1
687,1061161,3,Blue,Lucian,39.1
688,1061161,3,Blue,Syndra,39.1
689,1061161,3,Blue,Thresh,39.1
690,1061161,3,Red,Akali,39.1
691,1061161,3,Red,Nocturne,39.1
692,1061161,3,Red,Kled,39.1
693,1061161,3,Red,Kai'Sa,39.1
694,1061161,3,Red,Nautilus,39.1
695,1061161,3,Blue, ,39.1
696,1061161,3,Red, ,39.1
697,1061175,3,Blue,Jayce,37.85
698,1061175,3,Blue,Lee Sin,37.85
699,1061175,3,Blue,Ezreal,37.85
700,1061175,3,Blue,Irelia,37.85
701,1061175,3,Blue,Nautilus,37.85
702,1061175,3,Red,Sion,37.85
703,1061175,3,Red,Rek'Sai,37.85
704,1061175,3,Red,Akali,37.85
705,1061175,3,Red,Syndra,37.85
706,1061175,3,Red,Leona,37.85
707,1061175,3,Blue, ,37.85
708,1061175,3,Red, ,37.85
709,1061189,3,Blue,Vladimir,24.61666667
710,1061189,3,Blue,Qiyana,24.61666667
711,1061189,3,Blue,Zoe,24.61666667
712,1061189,3,Blue,Xayah,24.61666667
713,1061189,3,Blue,Rakan,24.61666667
714,1061189,3,Red,Aatrox,24.61666667
715,1061189,3,Red,Elise,24.61666667
716,1061189,3,Red,Tristana,24.61666667
717,1061189,3,Red,Cassiopeia,24.61666667
718,1061189,3,Red,Nautilus,24.61666667
719,1061189,3,Blue, ,24.61666667
720,1061189,3,Red, ,24.61666667
721,1061209,4,Blue,Gnar,36.35
722,1061209,4,Blue,Rek'Sai,36.35
723,1061209,4,Blue,Ryze,36.35
724,1061209,4,Blue,Xayah,36.35
725,1061209,4,Blue,Karma,36.35
726,1061209,4,Red,Shen,36.35
727,1061209,4,Red,Lee Sin,36.35
728,1061209,4,Red,Kayle,36.35
729,1061209,4,Red,Morgana,36.35
730,1061209,4,Red,Blitzcrank,36.35
731,1061209,4,Blue, ,36.35
732,1061209,4,Red, ,36.35
733,1061221,4,Blue,Vladimir,26.16666667
734,1061221,4,Blue,Sejuani,26.16666667
735,1061221,4,Blue,Qiyana,26.16666667
736,1061221,4,Blue,Xayah,26.16666667
737,1061221,4,Blue,Rakan,26.16666667
738,1061221,4,Red,Aatrox,26.16666667
739,1061221,4,Red,Lee Sin,26.16666667
740,1061221,4,Red,Akali,26.16666667
741,1061221,4,Red,Yasuo,26.16666667
742,1061221,4,Red,Gragas,26.16666667
743,1061221,4,Blue, ,26.16666667
744,1061221,4,Red, ,26.16666667
745,1071398,4,Blue,Sion,44.68333333
746,1071398,4,Blue,Karthus,44.68333333
747,1071398,4,Blue,Syndra,44.68333333
748,1071398,4,Blue,Tristana,44.68333333
749,1071398,4,Blue,Leona,44.68333333
750,1071398,4,Red,Gangplank,44.68333333
751,1071398,4,Red,Gragas,44.68333333
752,1071398,4,Red,LeBlanc,44.68333333
753,1071398,4,Red,Kai'Sa,44.68333333
754,1071398,4,Red,Nautilus,44.68333333
755,1071398,4,Blue, ,44.68333333
756,1071398,4,Red, ,44.68333333
757,1071409,4,Blue,Fiora,43.46666667
758,1071409,4,Blue,Elise,43.46666667
759,1071409,4,Blue,Zoe,43.46666667
760,1071409,4,Blue,Sona,43.46666667
761,1071409,4,Blue,Tahm Kench,43.46666667
762,1071409,4,Red,Gangplank,43.46666667
763,1071409,4,Red,Lee Sin,43.46666667
764,1071409,4,Red,LeBlanc,43.46666667
765,1071409,4,Red,Garen,43.46666667
766,1071409,4,Red,Yuumi,43.46666667
767,1071409,4,Blue, ,43.46666667
768,1071409,4,Red, ,43.46666667
769,1071415,4,Blue,Gangplank,30.61666667
770,1071415,4,Blue,Gragas,30.61666667
771,1071415,4,Blue,Orianna,30.61666667
772,1071415,4,Blue,Xayah,30.61666667
773,1071415,4,Blue,Thresh,30.61666667
774,1071415,4,Red,Vladimir,30.61666667
775,1071415,4,Red,Lee Sin,30.61666667
776,1071415,4,Red,Syndra,30.61666667
777,1071415,4,Red,Yasuo,30.61666667
778,1071415,4,Red,Rakan,30.61666667
779,1071415,4,Blue, ,30.61666667
780,1071415,4,Red, ,30.61666667
781,1061227,4,Blue,Renekton,23.55
782,1061227,4,Blue,Qiyana,23.55
783,1061227,4,Blue,Kayle,23.55
784,1061227,4,Blue,Vayne,23.55
785,1061227,4,Blue,Nautilus,23.55
786,1061227,4,Red,Kennen,23.55
787,1061227,4,Red,Lee Sin,23.55
788,1061227,4,Red,Jayce,23.55
789,1061227,4,Red,Kai'Sa,23.55
790,1061227,4,Red,Galio,23.55
791,1061227,4,Blue, ,23.55
792,1061227,4,Red, ,23.55
793,1071461,5.1,Blue,Renekton,28.65
794,1071461,5.1,Blue,Nocturne,28.65
795,1071461,5.1,Blue,Kled,28.65
796,1071461,5.1,Blue,Heimerdinger,28.65
797,1071461,5.1,Blue,Shen,28.65
798,1071461,5.1,Red,Gangplank,28.65
799,1071461,5.1,Red,Gragas,28.65
800,1071461,5.1,Red,Malphite,28.65
801,1071461,5.1,Red,Kai'Sa,28.65
802,1071461,5.1,Red,Nautilus,28.65
803,1071461,5.1,Blue, ,28.65
804,1071461,5.1,Red, ,28.65
805,1071479,5.2,Blue,Kled,28.48333333
806,1071479,5.2,Blue,Jarvan IV,28.48333333
807,1071479,5.2,Blue,Kayle,28.48333333
808,1071479,5.2,Blue,Xayah,28.48333333
809,1071479,5.2,Blue,Alistar,28.48333333
810,1071479,5.2,Red,Gnar,28.48333333
811,1071479,5.2,Red,Gragas,28.48333333
812,1071479,5.2,Red,Cassiopeia,28.48333333
813,1071479,5.2,Red,Kai'Sa,28.48333333
814,1071479,5.2,Red,Thresh,28.48333333
815,1071479,5.2,Blue, ,28.48333333
816,1071479,5.2,Red, ,28.48333333
817,1071486,5.3,Blue,Akali,26.81666667
818,1071486,5.3,Blue,Lee Sin,26.81666667
819,1071486,5.3,Blue,Ryze,26.81666667
820,1071486,5.3,Blue,Tristana,26.81666667
821,1071486,5.3,Blue,Volibear,26.81666667
822,1071486,5.3,Red,Renekton,26.81666667
823,1071486,5.3,Red,Gragas,26.81666667
824,1071486,5.3,Red,Azir,26.81666667
825,1071486,5.3,Red,Kai'Sa,26.81666667
826,1071486,5.3,Red,Alistar,26.81666667
827,1071486,5.3,Blue, ,26.81666667
828,1071486,5.3,Red, ,26.81666667
829,1071491,5.4,Blue,Cho'gath,34.26666667
830,1071491,5.4,Blue,Rek'Sai,34.26666667
831,1071491,5.4,Blue,Akali,34.26666667
832,1071491,5.4,Blue,Xayah,34.26666667
833,1071491,5.4,Blue,Rakan,34.26666667
834,1071491,5.4,Red,Gangplank,34.26666667
835,1071491,5.4,Red,Lee Sin,34.26666667
836,1071491,5.4,Red,Galio,34.26666667
837,1071491,5.4,Red,Kai'Sa,34.26666667
838,1071491,5.4,Red,Nautilus,34.26666667
839,1071491,5.4,Blue, ,34.26666667
840,1071491,5.4,Red, ,34.26666667
841,1071497,5.5,Blue,Gangplank,33.15
842,1071497,5.5,Blue,Qiyana,33.15
843,1071497,5.5,Blue,Ryze,33.15
844,1071497,5.5,Blue,Jinx,33.15
845,1071497,5.5,Blue,Thresh,33.15
846,1071497,5.5,Red,Fiora,33.15
847,1071497,5.5,Red,Lee Sin,33.15
848,1071497,5.5,Red,Jayce,33.15
849,1071497,5.5,Red,Kai'Sa,33.15
850,1071497,5.5,Red,Nautilus,33.15
851,1071497,5.5,Blue, ,33.15
852,1071497,5.5,Red, ,33.15
853,1071502,5.6,Blue,Renekton,23.85
854,1071502,5.6,Blue,Elise,23.85
855,1071502,5.6,Blue,Ryze,23.85
856,1071502,5.6,Blue,Varus,23.85
857,1071502,5.6,Blue,Tahm Kench,23.85
858,1071502,5.6,Red,Ornn,23.85
859,1071502,5.6,Red,Gragas,23.85
860,1071502,5.6,Red,Azir,23.85
861,1071502,5.6,Red,Kai'Sa,23.85
862,1071502,5.6,Red,Pyke,23.85
863,1071502,5.6,Blue, ,23.85
864,1071502,5.6,Red, ,23.85
865,1071514,T,Blue,Ryze,38.93333333
866,1071514,T,Blue,Gragas,38.93333333
867,1071514,T,Blue,Renekton,38.93333333
868,1071514,T,Blue,Vayne,38.93333333
869,1071514,T,Blue,Thresh,38.93333333
870,1071514,T,Red,Gangplank,38.93333333
871,1071514,T,Red,Elise,38.93333333
872,1071514,T,Red,Syndra,38.93333333
873,1071514,T,Red,Kai'Sa,38.93333333
874,1071514,T,Red,Rakan,38.93333333
875,1071514,T,Blue, ,38.93333333
876,1071514,T,Red, ,38.93333333
877,1071536,6.2,Blue,Kayle,29.7
878,1071536,6.2,Blue,Olaf,29.7
879,1071536,6.2,Blue,Ryze,29.7
880,1071536,6.2,Blue,Xayah,29.7
881,1071536,6.2,Blue,Rakan,29.7
882,1071536,6.2,Red,Aatrox,29.7
883,1071536,6.2,Red,Lee Sin,29.7
884,1071536,6.2,Red,Syndra,29.7
885,1071536,6.2,Red,Ezreal,29.7
886,1071536,6.2,Red,Yuumi,29.7
887,1071536,6.2,Blue, ,29.7
888,1071536,6.2,Red, ,29.7
889,1071527,6.1,Blue,Akali,23.91666667
890,1071527,6.1,Blue,Elise,23.91666667
891,1071527,6.1,Blue,Camille,23.91666667
892,1071527,6.1,Blue,Xayah,23.91666667
893,1071527,6.1,Blue,Rakan,23.91666667
894,1071527,6.1,Red,Shen,23.91666667
895,1071527,6.1,Red,Nocturne,23.91666667
896,1071527,6.1,Red,Kayle,23.91666667
897,1071527,6.1,Red,Kai'Sa,23.91666667
898,1071527,6.1,Red,Galio,23.91666667
899,1071527,6.1,Blue, ,23.91666667
900,1071527,6.1,Red, ,23.91666667
901,1071547,6.3,Blue,Gangplank,30.13333333
902,1071547,6.3,Blue,Lee Sin,30.13333333
903,1071547,6.3,Blue,Syndra,30.13333333
904,1071547,6.3,Blue,Xayah,30.13333333
905,1071547,6.3,Blue,Rakan,30.13333333
906,1071547,6.3,Red,Jayce,30.13333333
907,1071547,6.3,Red,Elise,30.13333333
908,1071547,6.3,Red,Camille,30.13333333
909,1071547,6.3,Red,Garen,30.13333333
910,1071547,6.3,Red,Yuumi,30.13333333
911,1071547,6.3,Blue, ,30.13333333
912,1071547,6.3,Red, ,30.13333333
913,1071552,6.4,Blue,Kayle,31.95
914,1071552,6.4,Blue,Lee Sin,31.95
915,1071552,6.4,Blue,Cassiopeia,31.95
916,1071552,6.4,Blue,Caitlyn,31.95
917,1071552,6.4,Blue,Thresh,31.95
918,1071552,6.4,Red,Ryze,31.95
919,1071552,6.4,Red,Rek'Sai,31.95
920,1071552,6.4,Red,Syndra,31.95
921,1071552,6.4,Red,Kai'Sa,31.95
922,1071552,6.4,Red,Blitzcrank,31.95
923,1071552,6.4,Blue, ,31.95
924,1071552,6.4,Red, ,31.95
925,1071560,6.5,Blue,Cho'gath,27.93333333
926,1071560,6.5,Blue,Lee Sin,27.93333333
927,1071560,6.5,Blue,Ryze,27.93333333
928,1071560,6.5,Blue,Jinx,27.93333333
929,1071560,6.5,Blue,Thresh,27.93333333
930,1071560,6.5,Red,Jax,27.93333333
931,1071560,6.5,Red,Ekko,27.93333333
932,1071560,6.5,Red,Yasuo,27.93333333
933,1071560,6.5,Red,Kai'Sa,27.93333333
934,1071560,6.5,Red,Nautilus,27.93333333
935,1071560,6.5,Blue, ,27.93333333
936,1071560,6.5,Red, ,27.93333333
937,1071569,6.6,Blue,Kayle,27.31666667
938,1071569,6.6,Blue,Lee Sin,27.31666667
939,1071569,6.6,Blue,Ryze,27.31666667
940,1071569,6.6,Blue,Yasuo,27.31666667
941,1071569,6.6,Blue,Gragas,27.31666667
942,1071569,6.6,Red,Jayce,27.31666667
943,1071569,6.6,Red,Qiyana,27.31666667
944,1071569,6.6,Red,Akali,27.31666667
945,1071569,6.6,Red,Kai'Sa,27.31666667
946,1071569,6.6,Red,Shen,27.31666667
947,1071569,6.6,Blue, ,27.31666667
948,1071569,6.6,Red, ,27.31666667
949,1071575,T,Blue,Jayce,28.48333333
950,1071575,T,Blue,Qiyana,28.48333333
951,1071575,T,Blue,Cassiopeia,28.48333333
952,1071575,T,Blue,Zoe,28.48333333
953,1071575,T,Blue,Shen,28.48333333
954,1071575,T,Red,Ornn,28.48333333
955,1071575,T,Red,Lee Sin,28.48333333
956,1071575,T,Red,Galio,28.48333333
957,1071575,T,Red,Xayah,28.48333333
958,1071575,T,Red,Rakan,28.48333333
959,1071575,T,Blue, ,28.48333333
960,1071575,T,Red, ,28.48333333
961,1071615,7.1,Blue,Mordekaiser,35.5
962,1071615,7.1,Blue,Jarvan IV,35.5
963,1071615,7.1,Blue,Kayle,35.5
964,1071615,7.1,Blue,Ezreal,35.5
965,1071615,7.1,Blue,Galio,35.5
966,1071615,7.1,Red,Gangplank,35.5
967,1071615,7.1,Red,Lee Sin,35.5
968,1071615,7.1,Red,Ryze,35.5
969,1071615,7.1,Red,Kai'Sa,35.5
970,1071615,7.1,Red,Leona,35.5
971,1071615,7.1,Blue, ,35.5
972,1071615,7.1,Red, ,35.5
973,1071627,7.2,Blue,Gangplank,48.65
974,1071627,7.2,Blue,Lee Sin,48.65
975,1071627,7.2,Blue,Ryze,48.65
976,1071627,7.2,Blue,Heimerdinger,48.65
977,1071627,7.2,Blue,Pyke,48.65
978,1071627,7.2,Red,Urgot,48.65
979,1071627,7.2,Red,Elise,48.65
980,1071627,7.2,Red,Cassiopeia,48.65
981,1071627,7.2,Red,Xayah,48.65
982,1071627,7.2,Red,Leona,48.65
983,1071627,7.2,Blue, ,48.65
984,1071627,7.2,Red, ,48.65
985,1071642,7.3,Blue,Vladimir,26.95
986,1071642,7.3,Blue,Lee Sin,26.95
987,1071642,7.3,Blue,Akali,26.95
988,1071642,7.3,Blue,Kai'Sa,26.95
989,1071642,7.3,Blue,Alistar,26.95
990,1071642,7.3,Red,Gangplank,26.95
991,1071642,7.3,Red,Gragas,26.95
992,1071642,7.3,Red,Veigar,26.95
993,1071642,7.3,Red,Xayah,26.95
994,1071642,7.3,Red,Leona,26.95
995,1071642,7.3,Blue, ,26.95
996,1071642,7.3,Red, ,26.95
997,1071659,7.4,Blue,Qiyana,29.66666667
998,1071659,7.4,Blue,Rek'Sai,29.66666667
999,1071659,7.4,Blue,Kayle,29.66666667
1000,1071659,7.4,Blue,Kai'Sa,29.66666667
1001,1071659,7.4,Blue,Rakan,29.66666667
1002,1071659,7.4,Red,Aatrox,29.66666667
1003,1071659,7.4,Red,Jarvan IV,29.66666667
1004,1071659,7.4,Red,Akali,29.66666667
1005,1071659,7.4,Red,Ezreal,29.66666667
1006,1071659,7.4,Red,Morgana,29.66666667
1007,1071659,7.4,Blue, ,29.66666667
1008,1071659,7.4,Red, ,29.66666667
1009,1071668,7.5,Blue,Akali,33.1
1010,1071668,7.5,Blue,Elise,33.1
1011,1071668,7.5,Blue,Camille,33.1
1012,1071668,7.5,Blue,Xayah,33.1
1013,1071668,7.5,Blue,Rakan,33.1
1014,1071668,7.5,Red,Ezreal,33.1
1015,1071668,7.5,Red,Skarner,33.1
1016,1071668,7.5,Red,Ryze,33.1
1017,1071668,7.5,Red,Heimerdinger,33.1
1018,1071668,7.5,Red,Nautilus,33.1
1019,1071668,7.5,Blue, ,33.1
1020,1071668,7.5,Red, ,33.1
1021,1071675,7.6,Blue,Gangplank,32.41666667
1022,1071675,7.6,Blue,Gragas,32.41666667
1023,1071675,7.6,Blue,Cassiopeia,32.41666667
1024,1071675,7.6,Blue,Xayah,32.41666667
1025,1071675,7.6,Blue,Pyke,32.41666667
1026,1071675,7.6,Red,Gnar,32.41666667
1027,1071675,7.6,Red,Lee Sin,32.41666667
1028,1071675,7.6,Red,Ryze,32.41666667
1029,1071675,7.6,Red,Ezreal,32.41666667
1030,1071675,7.6,Red,Lulu,32.41666667
1031,1071675,7.6,Blue, ,32.41666667
1032,1071675,7.6,Red, ,32.41666667
1033,1071696,8.1,Blue,Gangplank,32.6
1034,1071696,8.1,Blue,Gragas,32.6
1035,1071696,8.1,Blue,Viktor,32.6
1036,1071696,8.1,Blue,Kai'Sa,32.6
1037,1071696,8.1,Blue,Nautilus,32.6
1038,1071696,8.1,Red,Jayce,32.6
1039,1071696,8.1,Red,Olaf,32.6
1040,1071696,8.1,Red,Orianna,32.6
1041,1071696,8.1,Red,Xayah,32.6
1042,1071696,8.1,Red,Morgana,32.6
1043,1071696,8.1,Blue, ,32.6
1044,1071696,8.1,Red, ,32.6
1045,1071705,8.2,Blue,Sion,32.3
1046,1071705,8.2,Blue,Lee Sin,32.3
1047,1071705,8.2,Blue,Anivia,32.3
1048,1071705,8.2,Blue,Kai'Sa,32.3
1049,1071705,8.2,Blue,Nautilus,32.3
1050,1071705,8.2,Red,Kayle,32.3
1051,1071705,8.2,Red,Rek'Sai,32.3
1052,1071705,8.2,Red,Corki,32.3
1053,1071705,8.2,Red,Yasuo,32.3
1054,1071705,8.2,Red,Gragas,32.3
1055,1071705,8.2,Blue, ,32.3
1056,1071705,8.2,Red, ,32.3
1057,1071716,8.3,Blue,Gangplank,30.95
1058,1071716,8.3,Blue,Gragas,30.95
1059,1071716,8.3,Blue,LeBlanc,30.95
1060,1071716,8.3,Blue,Xayah,30.95
1061,1071716,8.3,Blue,Rakan,30.95
1062,1071716,8.3,Red,Cho'gath,30.95
1063,1071716,8.3,Red,Jarvan IV,30.95
1064,1071716,8.3,Red,Lissandra,30.95
1065,1071716,8.3,Red,Ezreal,30.95
1066,1071716,8.3,Red,Yuumi,30.95
1067,1071716,8.3,Blue, ,30.95
1068,1071716,8.3,Red, ,30.95
1069,1071720,8.4,Blue,Vladimir,32.08333333
1070,1071720,8.4,Blue,Lee Sin,32.08333333
1071,1071720,8.4,Blue,Akali,32.08333333
1072,1071720,8.4,Blue,Kai'Sa,32.08333333
1073,1071720,8.4,Blue,Leona,32.08333333
1074,1071720,8.4,Red,Jayce,32.08333333
1075,1071720,8.4,Red,Rek'Sai,32.08333333
1076,1071720,8.4,Red,Orianna,32.08333333
1077,1071720,8.4,Red,Syndra,32.08333333
1078,1071720,8.4,Red,Nautilus,32.08333333
1079,1071720,8.4,Blue, ,32.08333333
1080,1071720,8.4,Red, ,32.08333333
1081,1071724,8.5,Blue,Renekton,29.5
1082,1071724,8.5,Blue,Taliyah,29.5
1083,1071724,8.5,Blue,Yasuo,29.5
1084,1071724,8.5,Blue,Xayah,29.5
1085,1071724,8.5,Blue,Ornn,29.5
1086,1071724,8.5,Red,Sion,29.5
1087,1071724,8.5,Red,Lee Sin,29.5
1088,1071724,8.5,Red,Zilean,29.5
1089,1071724,8.5,Red,Kai'Sa,29.5
1090,1071724,8.5,Red,Nautilus,29.5
1091,1071724,8.5,Blue, ,29.5
1092,1071724,8.5,Red, ,29.5
1093,1071731,8.6,Blue,Vladimir,24.11666667
1094,1071731,8.6,Blue,Gragas,24.11666667
1095,1071731,8.6,Blue,Qiyana,24.11666667
1096,1071731,8.6,Blue,Kai'Sa,24.11666667
1097,1071731,8.6,Blue,Alistar,24.11666667
1098,1071731,8.6,Red,Aatrox,24.11666667
1099,1071731,8.6,Red,Olaf,24.11666667
1100,1071731,8.6,Red,LeBlanc,24.11666667
1101,1071731,8.6,Red,Xayah,24.11666667
1102,1071731,8.6,Red,Nautilus,24.11666667
1103,1071731,8.6,Blue, ,24.11666667
1104,1071731,8.6,Red, ,24.11666667
1105,1061881,1,Blue,Yasuo,43.88333333
1106,1061881,1,Blue,Gragas,43.88333333
1107,1061881,1,Blue,Qiyana,43.88333333
1108,1061881,1,Blue,Kog'Maw,43.88333333
1109,1061881,1,Blue,Lulu,43.88333333
1110,1061881,1,Red,Gnar,43.88333333
1111,1061881,1,Red,Elise,43.88333333
1112,1061881,1,Red,Poppy,43.88333333
1113,1061881,1,Red,Garen,43.88333333
1114,1061881,1,Red,Yuumi,43.88333333
1115,1061881,1,Blue, ,43.88333333
1116,1061881,1,Red, ,43.88333333
1117,1061934,2,Blue,Jayce,34.66666667
1118,1061934,2,Blue,Jarvan IV,34.66666667
1119,1061934,2,Blue,Galio,34.66666667
1120,1061934,2,Blue,Xayah,34.66666667
1121,1061934,2,Blue,Rakan,34.66666667
1122,1061934,2,Red,Kayle,34.66666667
1123,1061934,2,Red,Lee Sin,34.66666667
1124,1061934,2,Red,LeBlanc,34.66666667
1125,1061934,2,Red,Kai'Sa,34.66666667
1126,1061934,2,Red,Nautilus,34.66666667
1127,1061934,2,Blue, ,34.66666667
1128,1061934,2,Red, ,34.66666667
1129,1061950,3,Blue,Vladimir,36.55
1130,1061950,3,Blue,Lee Sin,36.55
1131,1061950,3,Blue,Qiyana,36.55
1132,1061950,3,Blue,Kai'Sa,36.55
1133,1061950,3,Blue,Morgana,36.55
1134,1061950,3,Red,Kayle,36.55
1135,1061950,3,Red,Elise,36.55
1136,1061950,3,Red,Sion,36.55
1137,1061950,3,Red,Xayah,36.55
1138,1061950,3,Red,Rakan,36.55
1139,1061950,3,Blue, ,36.55
1140,1061950,3,Red, ,36.55
1141,1061960,4,Blue,Jayce,25.7
1142,1061960,4,Blue,Karthus,25.7
1143,1061960,4,Blue,Sion,25.7
1144,1061960,4,Blue,Xayah,25.7
1145,1061960,4,Blue,Rakan,25.7
1146,1061960,4,Red,Kayle,25.7
1147,1061960,4,Red,Gragas,25.7
1148,1061960,4,Red,Aatrox,25.7
1149,1061960,4,Red,Kai'Sa,25.7
1150,1061960,4,Red,Leona,25.7
1151,1061960,4,Blue, ,25.7
1152,1061960,4,Red, ,25.7
1153,1061976,1,Blue,Camille,26.13333333
1154,1061976,1,Blue,Olaf,26.13333333
1155,1061976,1,Blue,Ryze,26.13333333
1156,1061976,1,Blue,Xayah,26.13333333
1157,1061976,1,Blue,Rakan,26.13333333
1158,1061976,1,Red,Rengar,26.13333333
1159,1061976,1,Red,Elise,26.13333333
1160,1061976,1,Red,Twisted Fate,26.13333333
1161,1061976,1,Red,Garen,26.13333333
1162,1061976,1,Red,Yuumi,26.13333333
1163,1061976,1,Blue, ,26.13333333
1164,1061976,1,Red, ,26.13333333
1165,1072089,2,Blue,Gangplank,24.48333333
1166,1072089,2,Blue,Lee Sin,24.48333333
1167,1072089,2,Blue,Twisted Fate,24.48333333
1168,1072089,2,Blue,Kai'Sa,24.48333333
1169,1072089,2,Blue,Alistar,24.48333333
1170,1072089,2,Red,Gnar,24.48333333
1171,1072089,2,Red,Gragas,24.48333333
1172,1072089,2,Red,Kayle,24.48333333
1173,1072089,2,Red,Varus,24.48333333
1174,1072089,2,Red,Tahm Kench,24.48333333
1175,1072089,2,Blue, ,24.48333333
1176,1072089,2,Red, ,24.48333333
1177,1072107,3,Blue,Renekton,26.95
1178,1072107,3,Blue,Rek'Sai,26.95
1179,1072107,3,Blue,Ryze,26.95
1180,1072107,3,Blue,Lucian,26.95
1181,1072107,3,Blue,Nautilus,26.95
1182,1072107,3,Red,Ornn,26.95
1183,1072107,3,Red,Lee Sin,26.95
1184,1072107,3,Red,Veigar,26.95
1185,1072107,3,Red,Kai'Sa,26.95
1186,1072107,3,Red,Alistar,26.95
1187,1072107,3,Blue, ,26.95
1188,1072107,3,Red, ,26.95
1189,1072121,4,Blue,Camille,35.88333333
1190,1072121,4,Blue,Gragas,35.88333333
1191,1072121,4,Blue,Ryze,35.88333333
1192,1072121,4,Blue,Varus,35.88333333
1193,1072121,4,Blue,Tahm Kench,35.88333333
1194,1072121,4,Red,Kayle,35.88333333
1195,1072121,4,Red,Lee Sin,35.88333333
1196,1072121,4,Red,Cassiopeia,35.88333333
1197,1072121,4,Red,Kai'Sa,35.88333333
1198,1072121,4,Red,Pyke,35.88333333
1199,1072121,4,Blue, ,35.88333333
1200,1072121,4,Red, ,35.88333333
1201,1072179,1,Blue,Jayce,34.35
1202,1072179,1,Blue,Gragas,34.35
1203,1072179,1,Blue,Syndra,34.35
1204,1072179,1,Blue,Xayah,34.35
1205,1072179,1,Blue,Rakan,34.35
1206,1072179,1,Red,Kayle,34.35
1207,1072179,1,Red,Lee Sin,34.35
1208,1072179,1,Red,LeBlanc,34.35
1209,1072179,1,Red,Kai'Sa,34.35
1210,1072179,1,Red,Leona,34.35
1211,1072179,1,Blue, ,34.35
1212,1072179,1,Red, ,34.35
1213,1072193,2,Blue,Jayce,44.36666667
1214,1072193,2,Blue,Elise,44.36666667
1215,1072193,2,Blue,Renekton,44.36666667
1216,1072193,2,Blue,Orianna,44.36666667
1217,1072193,2,Blue,Alistar,44.36666667
1218,1072193,2,Red,Kennen,44.36666667
1219,1072193,2,Red,Lee Sin,44.36666667
1220,1072193,2,Red,Ryze,44.36666667
1221,1072193,2,Red,Kai'Sa,44.36666667
1222,1072193,2,Red,Leona,44.36666667
1223,1072193,2,Blue, ,44.36666667
1224,1072193,2,Red, ,44.36666667
1225,1072194,3,Blue,Yorick,31.06666667
1226,1072194,3,Blue,Rek'Sai,31.06666667
1227,1072194,3,Blue,Ryze,31.06666667
1228,1072194,3,Blue,Kai'Sa,31.06666667
1229,1072194,3,Blue,Nautilus,31.06666667
1230,1072194,3,Red,Jayce,31.06666667
1231,1072194,3,Red,Lee Sin,31.06666667
1232,1072194,3,Red,Corki,31.06666667
1233,1072194,3,Red,Yasuo,31.06666667
1234,1072194,3,Red,Gragas,31.06666667
1235,1072194,3,Blue, ,31.06666667
1236,1072194,3,Red, ,31.06666667
1237,1072195,4,Blue,Ryze,30.36666667
1238,1072195,4,Blue,Gragas,30.36666667
1239,1072195,4,Blue,Yasuo,30.36666667
1240,1072195,4,Blue,Xayah,30.36666667
1241,1072195,4,Blue,Nautilus,30.36666667
1242,1072195,4,Red,Irelia,30.36666667
1243,1072195,4,Red,Taliyah,30.36666667
1244,1072195,4,Red,Kayle,30.36666667
1245,1072195,4,Red,Kai'Sa,30.36666667
1246,1072195,4,Red,Ornn,30.36666667
1247,1072195,4,Blue, ,30.36666667
1248,1072195,4,Red, ,30.36666667
1249,1062051,1,Blue,Gangplank,29.15
1250,1062051,1,Blue,Gragas,29.15
1251,1062051,1,Blue,LeBlanc,29.15
1252,1062051,1,Blue,Kai'Sa,29.15
1253,1062051,1,Blue,Blitzcrank,29.15
1254,1062051,1,Red,Lucian,29.15
1255,1062051,1,Red,Elise,29.15
1256,1062051,1,Red,Lissandra,29.15
1257,1062051,1,Red,Draven,29.15
1258,1062051,1,Red,Thresh,29.15
1259,1062051,1,Blue, ,29.15
1260,1062051,1,Red, ,29.15
1261,1062060,2,Blue,Fiora,27.46666667
1262,1062060,2,Blue,Elise,27.46666667
1263,1062060,2,Blue,Tristana,27.46666667
1264,1062060,2,Blue,Kai'Sa,27.46666667
1265,1062060,2,Blue,Nautilus,27.46666667
1266,1062060,2,Red,Poppy,27.46666667
1267,1062060,2,Red,Olaf,27.46666667
1268,1062060,2,Red,Ryze,27.46666667
1269,1062060,2,Red,Ezreal,27.46666667
1270,1062060,2,Red,Pyke,27.46666667
1271,1062060,2,Blue, ,27.46666667
1272,1062060,2,Red, ,27.46666667
1273,1062065,3,Blue,Renekton,31.81666667
1274,1062065,3,Blue,Skarner,31.81666667
1275,1062065,3,Blue,Azir,31.81666667
1276,1062065,3,Blue,Draven,31.81666667
1277,1062065,3,Blue,Thresh,31.81666667
1278,1062065,3,Red,Ornn,31.81666667
1279,1062065,3,Red,Rek'Sai,31.81666667
1280,1062065,3,Red,Ryze,31.81666667
1281,1062065,3,Red,Kai'Sa,31.81666667
1282,1062065,3,Red,Nautilus,31.81666667
1283,1062065,3,Blue, ,31.81666667
1284,1062065,3,Red, ,31.81666667
1285,1062070,4,Blue,Quinn,31.9
1286,1062070,4,Blue,Gragas,31.9
1287,1062070,4,Blue,Ryze,31.9
1288,1062070,4,Blue,Varus,31.9
1289,1062070,4,Blue,Leona,31.9
1290,1062070,4,Red,Renekton,31.9
1291,1062070,4,Red,Taliyah,31.9
1292,1062070,4,Red,Syndra,31.9
1293,1062070,4,Red,Kai'Sa,31.9
1294,1062070,4,Red,Thresh,31.9
1295,1062070,4,Blue, ,31.9
1296,1062070,4,Red, ,31.9
1297,1072304,1,Blue,Renekton,28.41666667
1298,1072304,1,Blue,Qiyana,28.41666667
1299,1072304,1,Blue,Rumble,28.41666667
1300,1072304,1,Blue,Ezreal,28.41666667
1301,1072304,1,Blue,Nautilus,28.41666667
1302,1072304,1,Red,Quinn,28.41666667
1303,1072304,1,Red,Gragas,28.41666667
1304,1072304,1,Red,Syndra,28.41666667
1305,1072304,1,Red,Varus,28.41666667
1306,1072304,1,Red,Alistar,28.41666667
1307,1072304,1,Blue, ,28.41666667
1308,1072304,1,Red, ,28.41666667
1309,1072311,2,Blue,Vladimir,42.48333333
1310,1072311,2,Blue,Gragas,42.48333333
1311,1072311,2,Blue,Lucian,42.48333333
1312,1072311,2,Blue,Varus,42.48333333
1313,1072311,2,Blue,Tahm Kench,42.48333333
1314,1072311,2,Red,Mordekaiser,42.48333333
1315,1072311,2,Red,Lee Sin,42.48333333
1316,1072311,2,Red,Nautilus,42.48333333
1317,1072311,2,Red,Kai'Sa,42.48333333
1318,1072311,2,Red,Blitzcrank,42.48333333
1319,1072311,2,Blue, ,42.48333333
1320,1072311,2,Red, ,42.48333333
1321,1072314,3,Blue,Gangplank,25.81666667
1322,1072314,3,Blue,Qiyana,25.81666667
1323,1072314,3,Blue,Nautilus,25.81666667
1324,1072314,3,Blue,Xayah,25.81666667
1325,1072314,3,Blue,Thresh,25.81666667
1326,1072314,3,Red,Lucian,25.81666667
1327,1072314,3,Red,Gragas,25.81666667
1328,1072314,3,Red,Jayce,25.81666667
1329,1072314,3,Red,Ezreal,25.81666667
1330,1072314,3,Red,Alistar,25.81666667
1331,1072314,3,Blue, ,25.81666667
1332,1072314,3,Red, ,25.81666667
1333,1072327,4,Blue,Kayle,34.81666667
1334,1072327,4,Blue,Olaf,34.81666667
1335,1072327,4,Blue,Galio,34.81666667
1336,1072327,4,Blue,Kai'Sa,34.81666667
1337,1072327,4,Blue,Rakan,34.81666667
1338,1072327,4,Red,Gangplank,34.81666667
1339,1072327,4,Red,Gragas,34.81666667
1340,1072327,4,Red,Nautilus,34.81666667
1341,1072327,4,Red,Varus,34.81666667
1342,1072327,4,Red,Tahm Kench,34.81666667
1343,1072327,4,Blue, ,34.81666667
1344,1072327,4,Red, ,34.81666667
1345,1062258,1,Blue,Renekton,34.55
1346,1062258,1,Blue,Gragas,34.55
1347,1062258,1,Blue,Neeko,34.55
1348,1062258,1,Blue,Kai'Sa,34.55
1349,1062258,1,Blue,Leona,34.55
1350,1062258,1,Red,Kled,34.55
1351,1062258,1,Red,Rek'Sai,34.55
1352,1062258,1,Red,Ryze,34.55
1353,1062258,1,Red,Xayah,34.55
1354,1062258,1,Red,Rakan,34.55
1355,1062258,1,Blue, ,34.55
1356,1062258,1,Red, ,34.55
1357,1062262,2,Blue,Ornn,35.98333333
1358,1062262,2,Blue,Jarvan IV,35.98333333
1359,1062262,2,Blue,Ryze,35.98333333
1360,1062262,2,Blue,Ezreal,35.98333333
1361,1062262,2,Blue,Galio,35.98333333
1362,1062262,2,Red,Renekton,35.98333333
1363,1062262,2,Red,Lee Sin,35.98333333
1364,1062262,2,Red,LeBlanc,35.98333333
1365,1062262,2,Red,Yasuo,35.98333333
1366,1062262,2,Red,Gragas,35.98333333
1367,1062262,2,Blue, ,35.98333333
1368,1062262,2,Red, ,35.98333333
1369,1062263,3,Blue,Renekton,33.66666667
1370,1062263,3,Blue,Rek'Sai,33.66666667
1371,1062263,3,Blue,Ryze,33.66666667
1372,1062263,3,Blue,Kai'Sa,33.66666667
1373,1062263,3,Blue,Leona,33.66666667
1374,1062263,3,Red,Camille,33.66666667
1375,1062263,3,Red,Elise,33.66666667
1376,1062263,3,Red,Orianna,33.66666667
1377,1062263,3,Red,Xayah,33.66666667
1378,1062263,3,Red,Nautilus,33.66666667
1379,1062263,3,Blue, ,33.66666667
1380,1062263,3,Red, ,33.66666667
1381,1062265,4,Blue,Ornn,36.01666667
1382,1062265,4,Blue,Olaf,36.01666667
1383,1062265,4,Blue,Syndra,36.01666667
1384,1062265,4,Blue,Yasuo,36.01666667
1385,1062265,4,Blue,Gragas,36.01666667
1386,1062265,4,Red,Vladimir,36.01666667
1387,1062265,4,Red,Elise,36.01666667
1388,1062265,4,Red,Qiyana,36.01666667
1389,1062265,4,Red,Varus,36.01666667
1390,1062265,4,Red,Nautilus,36.01666667
1391,1062265,4,Blue, ,36.01666667
1392,1062265,4,Red, ,36.01666667
1393,1072511,1,Blue,Gangplank,40.9
1394,1072511,1,Blue,Lee Sin,40.9
1395,1072511,1,Blue,Nautilus,40.9
1396,1072511,1,Blue,Sivir,40.9
1397,1072511,1,Blue,Thresh,40.9
1398,1072511,1,Red,Ryze,40.9
1399,1072511,1,Red,Elise,40.9
1400,1072511,1,Red,Pyke,40.9
1401,1072511,1,Red,Varus,40.9
1402,1072511,1,Red,Tahm Kench,40.9
1403,1072511,1,Blue, ,40.9
1404,1072511,1,Red, ,40.9
1405,1072516,2,Blue,Akali,25.63333333
1406,1072516,2,Blue,Elise,25.63333333
1407,1072516,2,Blue,Tristana,25.63333333
1408,1072516,2,Blue,Yasuo,25.63333333
1409,1072516,2,Blue,Gragas,25.63333333
1410,1072516,2,Red,Kled,25.63333333
1411,1072516,2,Red,Lee Sin,25.63333333
1412,1072516,2,Red,Ryze,25.63333333
1413,1072516,2,Red,Kai'Sa,25.63333333
1414,1072516,2,Red,Galio,25.63333333
1415,1072516,2,Blue, ,25.63333333
1416,1072516,2,Red, ,25.63333333
1417,1072517,3,Blue,Gangplank,30.36666667
1418,1072517,3,Blue,Lee Sin,30.36666667
1419,1072517,3,Blue,Galio,30.36666667
1420,1072517,3,Blue,Xayah,30.36666667
1421,1072517,3,Blue,Thresh,30.36666667
1422,1072517,3,Red,Ryze,30.36666667
1423,1072517,3,Red,Jarvan IV,30.36666667
1424,1072517,3,Red,Veigar,30.36666667
1425,1072517,3,Red,Ezreal,30.36666667
1426,1072517,3,Red,Nautilus,30.36666667
1427,1072517,3,Blue, ,30.36666667
1428,1072517,3,Red, ,30.36666667
